Found Model Elements in Mediastore:,,

UID,Name,Type
_o10-YHDrEeSqnN80MQ2uGw,Reencoding,BasicComponent
_B5geQHDsEeSqnN80MQ2uGw,Packaging,BasicComponent
_p_EeYHDrEeSqnN80MQ2uGw,MediaManagement,BasicComponent
_st2Y0HDrEeSqnN80MQ2uGw,Facade,BasicComponent
_S-lawHDqEeSqnN80MQ2uGw,AudioWatermarking,BasicComponent
_S-lawHDqEeSqnN80MQ2uGw2,ParallelWatermarking,BasicComponent
_h_QpkLhEEeSNPorBlo7x9g,TagWatermarking,BasicComponent
_9eK7YHDrEeSqnN80MQ2uGw,MediaAccess,BasicComponent
_j5vZQLhEEeSNPorBlo7x9g,Cache,BasicComponent
_Fslt8OXSEeSa__lJ2-JCxw,DownloadLoadBalancer,BasicComponent
_qxAiILg7EeSNPorBlo7x9g,FileStorage,BasicComponent
_5LN7MLg2EeSNPorBlo7x9g,DB,BasicComponent
_tBjC0HDpEeSqnN80MQ2uGw,UserDBAdapter,BasicComponent
_ahv3gL0YEeSAHuL4ItXOLQ,UserManagement,BasicComponent
